Registration Option,MIST ID,Category I: Knowledge and Quran,Category II: Arts,Category III: Writing and Oratory,Category IV: Brackets,Category V: Group Projects,Category VI: Sports,Category VII: eSports
Competitor,EZZRI,,,,,,,
Competitor,YYSIE,,Photography,,Math Olympics,Short Film,,
Competitor,MM4EH,,,Original Oratory,,,Basketball - Male (waitlisted),
Competitor,C57K7-TWBGQ,,,Prepared Essay,MIST Quiz Bowl,Short Film,,
Competitor,C57K7-EFJEI,Quran Memorization - Level 1 - Female,,,,Short Film,,
Competitor,C57K7-X45DS,,,,MIST Quiz Bowl,Short Film,,
Competitor,C57K7-C0Q9Y,,,Poetry,,,,
Competitor,C57K7-DGT2S,,Photography,Short Fiction,,Short Film,,
Competitor,C57K7-7P2P4,,**Culinary Arts [2 max]**,,,,,
Competitor,C57K7-OZJN5,,,,MIST Quiz Bowl,,,
Competitor,C57K7-464AL,,**Culinary Arts [2 max]**,Extemporaneous Essay,,,,
Competitor,C57K7-76T5Q,Quran Memorization - Level 1 - Female,,,,,,
Competitor,C57K7-OHXEW,,,,,Short Film,,
Competitor,C57K7-GM4N9,Knowledge Test 1,Digital Art,Prepared Essay,MIST Quiz Bowl,Short Film,,
Competitor,C57K7-YJWCL,,Photography,,,Science Fair,,
Competitor,C57K7-LASPY,,,,MIST Quiz Bowl,,,
Competitor,C57K7-GS5OZ,Quran Memorization - Level 3 - Male,,,,,,
Competitor,C57K7-PV0KV,,,Extemporaneous Speaking,,,Basketball - Male,**Super Smash Bros - Singles (DC)**
Competitor,C57K7-7KVAH,Quran Recitation - Female,,,Math Olympics,,,**Chess[DC]**
Competitor,C57K7-9P8T6,,,,Math Olympics,,Basketball - Male,**Super Smash Bros - Singles (DC)**
Competitor,C57K7-K7SFL,,,Poetry,,,,
Competitor,C57K7-BVA46,Quran Memorization - Level 1 - Male,,,,,Basketball - Male,
Competitor,C57K7-330RT,Knowledge Test 1,2D Art,,MIST Quiz Bowl,,,**Chess[DC]**
Competitor,C57K7-MHS57,Quran Memorization - Level 2 - Male,,,,,Basketball - Male,
Competitor,UQ6MX-ZY0K2,Knowledge Test 1,,Short Fiction,,Nasheed/Rap - Female,,
Competitor,MAS6M-59VCC,,,,,,,
Competitor,MAS6M-MJE76,,,,,,,
Competitor,SM16O-VJARN,,**Culinary Arts [2 max]**,,Debate,Business Venture,Basketball - Male,**NBA 2K (DC) **
Competitor,SM16O-3H64W,,,,,,,
Competitor,SM16O-E7PMV,,**Culinary Arts [2 max]**,,Debate,Business Venture,Basketball - Male,**FIFA 2020 (PS4 + XBOX) - DC**
Competitor,EXIMZ-VXQF3,,,,Improv - Male,,Basketball - Male,**NBA 2K (DC) **
Competitor,EXIMZ-1IVPX,Knowledge Test 2,,Short Fiction,Math Olympics,Science Fair,**Soccer [DC]** - Female,
Competitor,EXIMZ-YG2FE,,Digital Art,Poetry,Math Olympics,Nasheed/Rap - Female,**Soccer [DC]** - Female,
Competitor,EXIMZ-74GEC,,,,Improv - Male,Science Fair,Basketball - Male,
Competitor,YEL9T-644ZD,Knowledge Test 2,,,MIST Quiz Bowl,Short Film,Basketball - Female,
Competitor,EXIMZ-YM90S,,,,MIST Quiz Bowl,Science Fair,Basketball - Female,**Chess[DC]**
Competitor,HIEQ8-9BDGS,,,,Math Olympics,Social Media,Basketball - Female,
Competitor,HIEQ8-DQHRY,,,,,Business Venture,**Soccer [DC]** - Male,
Competitor,EXIMZ-ZSNKD,,,,,Short Film,,**Super Smash Bros - Singles (DC)**
Competitor,EXIMZ-H0VAH,,Photography,,,,,
Competitor,EXIMZ-FXUTY,,,,,Short Film,Basketball - Female,
Competitor,EXIMZ-FMEMU,,,,Improv - Female,Short Film,**Soccer [DC]** - Female,
Competitor,EXIMZ-1KV7H,,3D Art,Prepared Essay,Improv - Female,Nasheed/Rap - Female,**Soccer [DC]** - Female,
Competitor,EXIMZ-BPOFF,,**Scrapbook - DC**,,,,,
Competitor,EXIMZ-QDQAO,Knowledge Test 2,,Original Oratory,Debate,,**Soccer [DC]** - Female,
Competitor,51M64-GKREY,,,Original Oratory,,Business Venture,Basketball - Female,
Competitor,VJ2GK-XZDB0,Quran Memorization - Level 1 - Female,**Scrapbook - DC**,,,,Basketball - Female,
Competitor,EXIMZ-0939L,,**Culinary Arts [2 max]**,,,,Basketball - Male,
Competitor,Y0J9Q-6O9VZ,,,Short Fiction,,,**Soccer [DC]** - Male,
Competitor,EXIMZ-H3S27,,3D Art,Prepared Essay,Improv - Female,,**Soccer [DC]** - Female,
Competitor,EXIMZ-GA221,,,,Improv - Male,,,**Super Smash Bros - Singles (DC)**
Competitor,EXIMZ-BJDQK,,,,,Short Film,Basketball - Male,**NBA 2K (DC) **
Competitor,1NO4P-R55IJ,,,,Improv - Male,Business Venture,**Soccer [DC]** - Male,
Competitor,EXIMZ-RM0OL,,,,Improv - Female,Social Media,**Soccer [DC]** - Female,
Competitor,Y0J9Q-FJKTH,Knowledge Test 1,,,,,Basketball - Female,
Competitor,EXIMZ-INVFY,,Photography,,,Social Media,,
Competitor,EXIMZ-KPCT0,,,,Improv - Male,,Basketball - Male,
Competitor,Y0J9Q-7TD5Q,,,Poetry,Improv - Male,Nasheed/Rap - Male,**Soccer [DC]** - Male,**FIFA 2020 (PS4 + XBOX) - DC**
Competitor,EXIMZ-LDMRA,,,,MIST Quiz Bowl,,Basketball - Male,
Competitor,VJ2GK-UPNC9,Quran Recitation - Male,,,Debate,,**Soccer [DC]** - Male,**FIFA 2020 (PS4 + XBOX) - DC**
Competitor,EXIMZ-231JC,,,,,Social Media,**Soccer [DC]** - Female,
Competitor,EXIMZ-K1JHZ,,,Short Fiction,,,Basketball - Male,
Competitor,R9926-YNCRT,Quran Memorization - Level 3 - Male,,,Improv - Male,,**Soccer [DC]** - Male,**FIFA 2020 (PS4 + XBOX) - DC**
Competitor,Y0J9Q-HFRL9,,,,,,**Soccer [DC]** - Male (waitlisted),
Competitor,EXIMZ-ZDFCR,Knowledge Test 3,,,Debate,,,**Chess[DC]**
Competitor,7WU27-N581X,,,,,,,
Competitor,7WU27-MI1O7,Quran Memorization - Level 1 - Female,,,MIST Quiz Bowl (waitlisted),,,
Competitor,7WU27-CBYD5,Quran Memorization - Level 1 - Female,,,,,,
Competitor,7WU27-8AIZS,Knowledge Test 1,Fashion Design,Short Fiction,Debate,,,**Chess[DC]**
Competitor,7WU27-VTPQL,,,,,,,
Competitor,7WU27-NKD2B,,2D Art,,,,,
Competitor,XCB5B-W2FC9,Knowledge Test 4,,,,Short Film,Basketball - Male,**NBA 2K (DC) **
Competitor,2IUSV-DFOXR,Quran Recitation - Male,**Culinary Arts [2 max]**,,Improv - Male,Short Film,Basketball - Male,**NBA 2K (DC) **
Competitor,2IUSV-OKUPE,,,,MIST Quiz Bowl,Short Film,Basketball - Male,
Competitor,2IUSV-WMKDF,,,,Improv - Male,Short Film,,
Competitor,2IUSV-UO6CS,Quran Memorization - Level 1 - Male,,,MIST Quiz Bowl,,Basketball - Male,**FIFA 2020 (PS4 + XBOX) - DC**
Competitor,2IUSV-U1XJU,Quran Memorization - Level 1 - Male,,,,Short Film,Basketball - Male,
Competitor,2IUSV-2B8WH,Knowledge Test 1,,,MIST Quiz Bowl,,Basketball - Male,
Competitor,2IUSV-NA3OF,,,,Improv - Male,Short Film,Basketball - Male,**NBA 2K (DC) **
Competitor,2IUSV-G1DDM,,,,Improv - Male,,,
Competitor,2IUSV-JQCG3,,,,,Short Film,Basketball - Male,**FIFA 2020 (PS4 + XBOX) - DC**
Competitor,VJ2GK-JLAC5,,,Short Fiction,MIST Quiz Bowl,,,
Competitor,VJ2GK-QB0XD,,,Extemporaneous Essay,MIST Quiz Bowl,,,
Competitor,VJ2GK-BROL0,,**Culinary Arts [2 max]**,,,,,**Super Smash Bros - Singles (DC)**
Competitor,VJ2GK-M1P7Q,,Fashion Design,,,,,
Competitor,R9926-TJO89,Quran Recitation - Male,,,,,**Soccer [DC]** - Male,**Chess[DC]**
Competitor,Y0J9Q-V2MGN,,Digital Art,,,Social Media,**Soccer [DC]** - Male,
Competitor,VJ2GK-5BN30,,,,Improv - Male,Short Film,,
Competitor,VJ2GK-8WENH,,,,,Short Film,,
Competitor,VJ2GK-6A7VC,,,,,Short Film,Basketball - Male,**NBA 2K (DC) **
Competitor,VJ2GK-AZQAJ,Knowledge Test 2,Photography,Poetry,,Short Film,,
Competitor,VJ2GK-P4G13,,**Culinary Arts [2 max]**,Short Fiction,,,,
Competitor,VJ2GK-JN12B,Knowledge Test 3,,,,,Basketball - Male,
Competitor,HIEQ8-O3UMU,,Photography,,,Nasheed/Rap - Female,Basketball - Female,
Competitor,1NO4P-K52YL,,,,Improv - Male,,**Soccer [DC]** - Male,
Competitor,R9926-NVZ0O,Knowledge Test 1,,,,,**Soccer [DC]** - Male,
Competitor,VJ2GK-SDAC1,Knowledge Test 1,,,,,,
Competitor,VJ2GK-PZFVG,Knowledge Test 2,,,,,,
Competitor,VJ2GK-OVQU5,,2D Art,,,,,
Competitor,VJ2GK-OLTRG,,,,,Nasheed/Rap - Male,,
Competitor,VJ2GK-HMG8Z,,,,Improv - Male,Nasheed/Rap - Male,,
Competitor,VJ2GK-XYFIG,,,,,Nasheed/Rap - Male,,
Competitor,VJ2GK-28RD8,Knowledge Test 2,,,,Nasheed/Rap - Male,Basketball - Male,**NBA 2K (DC) **
Competitor,VJ2GK-8G3TP,,,,Math Olympics,Nasheed/Rap - Male,Basketball - Male,
Competitor,VJ2GK-GKUL2,,Digital Art,Prepared Essay,MIST Quiz Bowl,,,
Competitor,VJ2GK-78QNA,,,Extemporaneous Essay,Improv - Male,,,
Competitor,JW7VO-1DN8G,Quran Memorization - Level 2 - Male,Photography,,Improv - Male,Short Film,**Soccer [DC]** - Male,
Competitor,VJ2GK-E2U36,,,,,Short Film,Basketball - Male,
Competitor,VJ2GK-OJWNR,,,,MIST Quiz Bowl,,,
Competitor,VJ2GK-4AOTW,Knowledge Test 1,Photography,,,,,
Competitor,VJ2GK-NX7LJ,,,,Improv - Male,,Basketball - Male,
Competitor,VJ2GK-83RQX,,Digital Art,,,,Basketball - Male,
Competitor,V7K3K-6PPXK,,Digital Art,,MIST Quiz Bowl,,**Soccer [DC]** - Male,**FIFA 2020 (PS4 + XBOX) - DC**
Competitor,EXIMZ-J0V0O,,,,Improv - Male,,**Soccer [DC]** - Male,
Competitor,VJ2GK-EN617,,Fashion Design,,Math Olympics,,,
Competitor,VJ2GK-CBPLK,,3D Art,,MIST Quiz Bowl,,,
Competitor,VJ2GK-8T8CB,Knowledge Test 2,,,,Social Media,,
Competitor,Z8W5E-6DF55,,Photography,,MIST Quiz Bowl,Business Venture,Basketball - Female,
Competitor,51M64-SPWLQ,,**Culinary Arts [2 max]**,,,Business Venture,Basketball - Female,
Competitor,VJ2GK-ORQ0T,,Photography,,,,,
Competitor,VJ2GK-EAX7C,Knowledge Test 1,,,,,,
Competitor,VJ2GK-OA7FK,,,,MIST Quiz Bowl,,,
Competitor,VJ2GK-N7TK6,,,Extemporaneous Speaking,,,Basketball - Male,
Competitor,VJ2GK-9EG3V,,,,,Social Media,,
Competitor,SIG90-8SY4A,,,,MIST Quiz Bowl,Short Film,**Soccer [DC]** - Male,**FIFA 2020 (PS4 + XBOX) - DC**
Competitor,VJ2GK-HWD5V,,,,Improv - Male,,Basketball - Male,**FIFA 2020 (PS4 + XBOX) - DC**
Competitor,IVQS5-L0VLP,Quran Recitation - Female,Fashion Design,,,,,
Competitor,XPGA8-WJXCI,Knowledge Test 3,,,,,,
Competitor,XPGA8-6X88E,,2D Art,Prepared Essay,,,,
Competitor,A85Q9-778T4,,,,MIST Quiz Bowl,,,
Competitor,VJ2GK-O6IQ3,Knowledge Test 3,,,,,**Soccer [DC]** - Male,
Competitor,A85Q9-4FC9B,Quran Memorization - Level 2 - Male,,,,,Basketball - Male,**FIFA 2020 (PS4 + XBOX) - DC**
Competitor,A85Q9-OSB9C,,,,MIST Quiz Bowl,,,**NBA 2K (DC) **
Competitor,A85Q9-CGXK4,,,,MIST Quiz Bowl,,Basketball - Male,
Competitor,A85Q9-EWQDX,Knowledge Test 1,,,,,Basketball - Male,**NBA 2K (DC) **
Competitor,A85Q9-47UO7,,,,MIST Quiz Bowl,,Basketball - Male,**FIFA 2020 (PS4 + XBOX) - DC**
Competitor,A85Q9-1TFJO,Knowledge Test 1,,,,,Basketball - Male,
Competitor,CUMBQ-OZGCY,,Photography,,,,Basketball - Female,
Competitor,A85Q9-61URV,Knowledge Test 1,,,,,Basketball - Male,
Competitor,A85Q9-AHVQ9,Knowledge Test 2,,,,,Basketball - Male,
Competitor,A85Q9-ZZWYU,,,,,Short Film,,
Competitor,A85Q9-PAKVK,,,Extemporaneous Essay,,,**Soccer [DC]** - Female,
Competitor,A85Q9-998OL,Knowledge Test 2,,,,,Basketball - Male,
Competitor,A85Q9-W7A5V,,**Culinary Arts [2 max]**,,,Short Film,,
Competitor,Y0J9Q-QZMSD,,3D Art,,MIST Quiz Bowl,,Basketball - Female,
Competitor,A85Q9-PXBGV,,,,,,,
Competitor,A85Q9-0KXNI,,,,,,Basketball - Male (waitlisted),
Competitor,A85Q9-F70Q9,,,,,,,
Competitor,A85Q9-R70Q6,,,,,,Basketball - Male (waitlisted),
Competitor,A85Q9-IHGHG,,,,,,Basketball - Male (waitlisted),
Competitor,CUMBQ-2PFGY,,,,Improv - Female,,Basketball - Female,
Competitor,A85Q9-EH52I,,,,,,,
Competitor,616EC-LSC0K,,,,,,**Soccer [DC]** - Male (waitlisted),
Competitor,A85Q9-4ZC2V,Knowledge Test 2,,,,,Basketball - Male,
Competitor,A85Q9-OI5EH,,,,,Short Film,,
Competitor,616EC-7458W,,,Extemporaneous Essay,,,Basketball - Female,
Competitor,A85Q9-46O8I,,,,,Short Film,,
Competitor,A85Q9-WWMJZ,,,,MIST Quiz Bowl,,,
Competitor,A85Q9-RF586,,,,,,,
Competitor,A85Q9-JRGKN,,,,,,,
Competitor,Y0J9Q-88UAA,Quran Memorization - Level 3 - Female,Photography,,,,,
Competitor,Y0J9Q-2P1KZ,,Fashion Design,,,,Basketball - Male,
Competitor,Y0J9Q-KVFCH,Knowledge Test 3,2D Art,Poetry,Debate,Nasheed/Rap - Female,**Soccer [DC]** - Female,
Competitor,51M64-M6BDT,Knowledge Test 4,,,,Social Media,Basketball - Female,
Competitor,EXIMZ-LOP9V,,,,,Social Media,**Soccer [DC]** - Male,**FIFA 2020 (PS4 + XBOX) - DC**
Competitor,Y0J9Q-F3OA7,Quran Recitation - Male,,,,,Basketball - Male,
Competitor,Y0J9Q-BKI61,Knowledge Test 4,Digital Art,,,,,**Chess[DC]**
Competitor,Y0J9Q-FMGNE,Knowledge Test 1,,,,Short Film,,
Competitor,Y0J9Q-VRDIQ,,,Original Oratory,,,Basketball - Male,
Competitor,Y0J9Q-IU8LU,Quran Memorization - Level 1 - Female,**Scrapbook - DC**,,Improv - Female,Business Venture,**Soccer [DC]** - Female,
Competitor,Y0J9Q-MSTYU,,,Extemporaneous Essay,,Social Media,,
Competitor,Y0J9Q-KG0D3,,Fashion Design,,Math Olympics,,,
Competitor,Y0J9Q-3BF6C,Quran Memorization - Level 2 - Female,2D Art,,,Short Film,,
Competitor,Y0J9Q-MNXOI,,**Culinary Arts [2 max]**,,,Business Venture,**Soccer [DC]** - Female,
Competitor,A85Q9-Q92DZ,Knowledge Test 1,,,,,Basketball - Female,
Competitor,Y0J9Q-0XAIV,,,,MIST Quiz Bowl,Business Venture,,
Competitor,R9926-EY6B6,Quran Memorization - Level 1 - Male,2D Art,,Math Olympics,,**Soccer [DC]** - Male,**Chess[DC]**
Competitor,Y0J9Q-2I4ZM,Quran Recitation - Female,**Scrapbook - DC**,,,Nasheed/Rap - Female,**Soccer [DC]** - Female,
Competitor,Y0J9Q-G1ISR,,Photography,Prepared Essay,,,,
Competitor,HIEQ8-S9HSF,,,Poetry,,,Basketball - Female,
Competitor,EXIMZ-E5UIL,,Digital Art,,,,**Soccer [DC]** - Male,
Competitor,Y0J9Q-2NBUJ,,,,,Short Film,,
Competitor,Y0J9Q-UA2GY,Knowledge Test 2,Digital Art,,MIST Quiz Bowl,,,
Competitor,Y0J9Q-PVIWZ,,2D Art,,MIST Quiz Bowl,Short Film,,
Competitor,JW7VO-2RUJ7,,Fashion Design,Short Fiction,MIST Quiz Bowl,Short Film,Basketball - Female,
Competitor,EXIMZ-GVM4W,,Photography,Extemporaneous Essay,,,Basketball - Female,
Competitor,Y0J9Q-NI7CL,Knowledge Test 2,,,,Science Fair,Basketball - Female,
Competitor,R9926-WLLB2,Knowledge Test 1,,,,,**Soccer [DC]** - Male,
Competitor,Y0J9Q-51IVB,Knowledge Test 3,2D Art,,,,,
Competitor,Y0J9Q-JP6Y3,Quran Recitation - Male,,,Improv - Male,,Basketball - Male,**NBA 2K (DC) **
Competitor,Y0J9Q-HWF19,Quran Recitation - Female,,,,Business Venture,**Soccer [DC]** - Female,
Competitor,Y0J9Q-Z8FPQ,Knowledge Test 3,,,Improv - Female,,**Soccer [DC]** - Female,
Competitor,R9926-FXR5K,,,,Improv - Male,,**Soccer [DC]** - Male,
Competitor,Y0J9Q-ZGOD9,Quran Memorization - Level 1 - Female,,,Improv - Female,,**Soccer [DC]** - Female,
Competitor,1NO4P-6C1MQ,Quran Memorization - Level 1 - Male,,,Improv - Male,,**Soccer [DC]** - Male,**FIFA 2020 (PS4 + XBOX) - DC**
Competitor,JW7VO-GHOH0,,,,MIST Quiz Bowl,Humanitarian Service,**Soccer [DC]** - Male,
Competitor,HIEQ8-LUBTT,,,,Improv - Male,Business Venture,**Soccer [DC]** - Male,
Competitor,Y0J9Q-72O0Z,,**Culinary Arts [2 max]**,Spoken Word,Improv - Female,Business Venture,,
Competitor,Y0J9Q-CZJ1N,,,,,Social Media,,
Competitor,Y0J9Q-Q3YF3,,,Extemporaneous Essay,,Science Fair,,
Competitor,R9926-1NRTY,Knowledge Test 1,,,,,**Soccer [DC]** - Male,
Competitor,EXIMZ-PV23T,,,,,Short Film,**Soccer [DC]** - Male,**FIFA 2020 (PS4 + XBOX) - DC**
Competitor,616EC-6OEU4,,,,Improv - Female,,Basketball - Female,
Competitor,Y0J9Q-6B895,,,,MIST Quiz Bowl,,Basketball - Female,
Competitor,Y0J9Q-Z618G,Knowledge Test 2,,,Improv - Male,,,
Competitor,Y0J9Q-7JECC,Knowledge Test 4,,,,Social Media,,
Competitor,Y0J9Q-612HM,Knowledge Test 1,,,Improv - Male,,,**NBA 2K (DC) **
Competitor,Y0J9Q-NIJ7J,,,,Improv - Male,Nasheed/Rap - Male,,
Competitor,UVHWU-FDD6X,,3D Art,,,Business Venture,**Soccer [DC]** - Male,
Competitor,Y0J9Q-XJHEK,,Fashion Design,,,,Basketball - Male,
Competitor,Y0J9Q-YL93B,Quran Memorization - Level 3 - Male,Digital Art,Original Oratory,,,Basketball - Male,**Super Smash Bros - Singles (DC)**
Competitor,Y0J9Q-H4LKA,,,Short Fiction,MIST Quiz Bowl,,,
Competitor,Y0J9Q-63OFF,,,,,Science Fair,,
Competitor,UVHWU-XZP05,,2D Art,Poetry,,,,
Competitor,UVHWU-1USDJ,,,,Improv - Female,,,
Competitor,616EC-MGJIT,,,,,Short Film,Basketball - Female,
Competitor,UVHWU-L0HMK,,**Culinary Arts [2 max]**,,Improv - Female,Short Film,,
Competitor,UVHWU-ZNTP8,Knowledge Test 1,,,Improv - Female,Short Film,,
Competitor,UVHWU-J8GH6,,,,Improv - Female,Short Film,,
Competitor,UVHWU-KD4GL,Quran Memorization - Level 1 - Male,,,,,,
Competitor,UVHWU-WLDQ5,Knowledge Test 2,,,,,Basketball - Male,
Competitor,UVHWU-0UHNV,,,,Improv - Female,Short Film,,
Competitor,UVHWU-NXYF6,,,,MIST Quiz Bowl,,,
Competitor,UVHWU-ICLSL,,,,MIST Quiz Bowl,,,
Competitor,UVHWU-8NQF6,,Photography,,,,,
Competitor,UVHWU-Z7R97,,2D Art,,,,,
Competitor,UVHWU-4WPAN,,,Spoken Word,,Short Film,,
Competitor,Y0J9Q-VTN7K,Quran Memorization - Level 1 - Male,,Extemporaneous Speaking,,,**Soccer [DC]** - Male,
Competitor,UVHWU-AKM7O,,,,,,,
Competitor,UVHWU-M59Z5,,,,MIST Quiz Bowl,,,
Competitor,UVHWU-1MO4F,Quran Recitation - Male,,,,,**Soccer [DC]** - Male,
Competitor,Y0J9Q-9CD42,Quran Memorization - Level 1 - Male,,Extemporaneous Speaking,,,**Soccer [DC]** - Male,
Competitor,Y0J9Q-R2A66,,Photography,,,,**Soccer [DC]** - Male,
Competitor,1NO4P-9TBZN,,,,Improv - Male,,**Soccer [DC]** - Male,
Competitor,VJ2GK-S3YP6,,,,Improv - Male,Short Film,**Soccer [DC]** - Male,
Competitor,JW7VO-A4MI9,,,,Improv - Male,Humanitarian Service,**Soccer [DC]** - Male,**Super Smash Bros - Singles (DC)**
Competitor,UVHWU-0H0A5,,,,MIST Quiz Bowl,,,
Competitor,UVHWU-3P6KO,,,,MIST Quiz Bowl,,,
Competitor,UVHWU-NEG05,,Fashion Design,Poetry,,,,
Competitor,28XSE-ZKJI5,Knowledge Test 3,,Spoken Word,,,,
Competitor,28XSE-JMEIQ,Quran Memorization - Level 1 - Male,,,,,,**FIFA 2020 (PS4 + XBOX) - DC**
Competitor,28XSE-C32AD,Quran Memorization - Level 1 - Male,Photography,,,,,**FIFA 2020 (PS4 + XBOX) - DC**
Competitor,28XSE-5I7NV,Quran Memorization - Level 1 - Female,**Culinary Arts [2 max]**,,,,,
Competitor,28XSE-80LZ7,Knowledge Test 1,,,,,,
Competitor,28XSE-ATO8F,,,,,,,
Competitor,28XSE-WYB4H,,,,,,,
Competitor,28XSE-R1DTP,,,,,,,
Competitor,CNGUK-C1O5R,Quran Recitation - Female,**Culinary Arts [2 max]**,Spoken Word,,Short Film,,
Competitor,WMSA3-X2AKN,,Photography,,,Social Media,Basketball - Male,
Competitor,ETX8W-NPT9I,,,,Math Olympics,,Basketball - Male,
Competitor,SIG90-BTGXM,Knowledge Test 1,,,,,**Soccer [DC]** - Male,
Competitor,EXIMZ-Y6VBY,,,,,Science Fair,**Soccer [DC]** - Male,
Competitor,JW7VO-EGTPH,Quran Memorization - Level 1 - Female,**Culinary Arts [2 max]**,Poetry,MIST Quiz Bowl,,,
Competitor,JW7VO-3UMUZ,,,Prepared Essay,Debate,Short Film,,
Competitor,HIEQ8-7V8J0,,,,Improv - Male,,**Soccer [DC]** - Male,
Competitor,JW7VO-BRC4N,Quran Memorization - Level 3 - Female,,Extemporaneous Essay,MIST Quiz Bowl,,,
Competitor,JW7VO-WE7JW,Knowledge Test 2,Photography,Prepared Essay,Improv - Male,Short Film,,
Competitor,JW7VO-509B8,Quran Memorization - Level 1 - Male,Photography,,,Social Media,,**Super Smash Bros - Singles (DC)**
Competitor,JW7VO-XQCC9,,,Short Fiction,,,,
Competitor,JW7VO-5I5DD,Quran Recitation - Male,2D Art,Extemporaneous Essay,Improv - Male,Nasheed/Rap - Male,Basketball - Male,**FIFA 2020 (PS4 + XBOX) - DC**
Competitor,HIEQ8-1K52V,,,,,Business Venture,**Soccer [DC]** - Male,**FIFA 2020 (PS4 + XBOX) - DC**
Competitor,R9926-0LIGS,Quran Recitation - Female,,,MIST Quiz Bowl,Short Film,Basketball - Female,
Competitor,JW7VO-CQFHK,Quran Memorization - Level 3 - Male,,,Improv - Male,Nasheed/Rap - Male,Basketball - Male,**NBA 2K (DC) **
Competitor,R9926-K8T41,,Digital Art,,,,**Soccer [DC]** - Male (waitlisted),
Competitor,R9926-OYT6H,,2D Art,,Improv - Male,,**Soccer [DC]** - Male,
Competitor,JW7VO-2P34A,,,,Improv - Male,,Basketball - Male,**NBA 2K (DC) **
Competitor,JW7VO-TXAY5,,,,,Humanitarian Service,Basketball - Male,
Competitor,UVHWU-AS3Q1,,,,MIST Quiz Bowl,,**Soccer [DC]** - Male,
Competitor,JW7VO-YWL15,,,,,Humanitarian Service,Basketball - Male,
Competitor,JW7VO-1FWXL,,,,Math Olympics,Science Fair,,**Chess[DC]**
Competitor,JW7VO-MV1WE,,Fashion Design,,Improv - Female,Humanitarian Service,,
Competitor,JW7VO-52DTF,Quran Memorization - Level 2 - Male,**Culinary Arts [2 max]**,,,Nasheed/Rap - Male,Basketball - Male,
Competitor,FECZ6-UWQAF,,,Spoken Word,,,Basketball - Male,
Competitor,EXIMZ-J8IW5,,,Poetry,,,Basketball - Female,
Competitor,HIEQ8-GBAWS,,**Culinary Arts [2 max]**,,,Humanitarian Service,,
Competitor,HIEQ8-0RKYJ,,,Poetry,,,,
Competitor,HIEQ8-43K2D,,,Prepared Essay,,,**Soccer [DC]** - Male,
Competitor,JW7VO-USHX9,,,,MIST Quiz Bowl,Social Media,**Soccer [DC]** - Male,**FIFA 2020 (PS4 + XBOX) - DC**
Competitor,616EC-SSVKR,,,,Improv - Female,,Basketball - Female,
Competitor,HIEQ8-WYWJ2,,,,MIST Quiz Bowl,Business Venture,,**Chess[DC]**
Competitor,HIEQ8-9AK8Q,,,,,,,
Competitor,HIEQ8-Q5C1W,,,,,Short Film,Basketball - Male,
Competitor,1NO4P-8HBC1,Quran Recitation - Male,,,Improv - Male,Science Fair,**Soccer [DC]** - Male,
Competitor,EXIMZ-2V75G,,Photography,,,,**Soccer [DC]** - Male,
Competitor,HIEQ8-9T1S8,,Photography,,,,,
Competitor,HIEQ8-I5CL8,,**Scrapbook - DC**,,,Social Media,,
Competitor,VJ2GK-Q4B4I,Knowledge Test 3,,,,,**Soccer [DC]** - Male,**Chess[DC]**
Competitor,HIEQ8-2B33N,Quran Memorization - Level 3 - Male,,,,,,
Competitor,HIEQ8-W9GE8,,,,,Humanitarian Service,,
Competitor,1NO4P-03B1Q,,,Prepared Essay,Improv - Male,Science Fair,**Soccer [DC]** - Male,
Competitor,Z8W5E-6YLDM,,Fashion Design,Poetry,,,Basketball - Female,
Competitor,HIEQ8-OSW1N,Quran Memorization - Level 1 - Female,,,Improv - Female,Social Media,Basketball - Female,
Competitor,HIEQ8-YTQ8K,,,,,Social Media,,
Competitor,HIEQ8-MM9KH,,**Culinary Arts [2 max]**,,Improv - Female,Social Media,,**Super Smash Bros - Singles (DC)**
Competitor,HIEQ8-4BNDE,,Photography,,,Social Media,,**Super Smash Bros - Singles (DC)**
Competitor,51M64-PWHYP,,**Scrapbook - DC**,,,Business Venture,Basketball - Female,
Competitor,HIEQ8-IP98M,,,,Math Olympics,Nasheed/Rap - Male,,**NBA 2K (DC) **
Competitor,51M64-BBZFP,,,,,Business Venture,Basketball - Female,
Competitor,Y0J9Q-2C19D,Quran Memorization - Level 2 - Female,Photography,,Debate,,Basketball - Female,
Competitor,HIEQ8-4FUO6,,**Scrapbook - DC**,,,,,**Super Smash Bros - Singles (DC)**
Competitor,HIEQ8-TINU8,Knowledge Test 1,,,,,,
Competitor,PA0EM-0ZFQF,Quran Recitation - Male,**Culinary Arts [2 max]**,Extemporaneous Speaking,MIST Quiz Bowl,,**Soccer [DC]** - Male,**FIFA 2020 (PS4 + XBOX) - DC**
Competitor,V7K3K-YVTC6,Quran Recitation - Male,,,MIST Quiz Bowl,,**Soccer [DC]** - Male,**Chess[DC]**
Competitor,HIEQ8-RD5VT,,,,Improv - Female,Nasheed/Rap - Female,,
Competitor,1HAZB-R8DGP,,,,Improv - Male,,,**Chess[DC]**
Competitor,1HAZB-DFIOI,,2D Art,,,,,**Super Smash Bros - Singles (DC)**
Competitor,1HAZB-AB162,,Fashion Design,,,,,
Competitor,1HAZB-4E055,,**Scrapbook - DC**,,,,,
Competitor,1HAZB-YF0T2,Knowledge Test 1,,,Improv - Male,,,**NBA 2K (DC) **
Competitor,1HAZB-CW7EA,Knowledge Test 1,,,,,,**FIFA 2020 (PS4 + XBOX) - DC**
Competitor,1HAZB-L97MO,,,,Improv - Male,,,**Super Smash Bros - Singles (DC)**
Competitor,1HAZB-B83XJ,,,Spoken Word,MIST Quiz Bowl,Science Fair,,
Competitor,1HAZB-HE4WL,Knowledge Test 3,**Scrapbook - DC**,,MIST Quiz Bowl,Business Venture,,
Competitor,1HAZB-VUF8L,,,,MIST Quiz Bowl,Science Fair,,
Competitor,1HAZB-8GTO0,,,,,Business Venture,,
Competitor,1HAZB-IJGVZ,Quran Recitation - Male,,,,,,
Competitor,1HAZB-ZFVM9,,2D Art,,,,,
Competitor,1HAZB-0RWLM,Knowledge Test 1,,,Improv - Male,Short Film,,
Competitor,1HAZB-8AJ2S,,,,,Short Film,,
Competitor,1HAZB-E9A7V,,,,,Short Film,,
Competitor,1HAZB-VPR2C,Quran Recitation - Male,,,Improv - Male,,,
Competitor,1HAZB-KO4Z2,Knowledge Test 1,,,,,,**NBA 2K (DC) **
Competitor,SIG90-IBVSR,,,,Improv - Female,Short Film,,
Competitor,SIG90-3Y87U,,Photography,,Improv - Female,,,
Competitor,SIG90-A6KJI,,,Poetry,,,,
Competitor,SIG90-YP96W,Quran Recitation - Male,,,,,,
Competitor,SIG90-IUBYM,Quran Recitation - Female,,,,,,
Competitor,SIG90-HCNKO,,Photography,Prepared Essay,,,,
Competitor,SIG90-42137,,,,Debate,Nasheed/Rap - Male,,
Competitor,SIG90-62N8J,,,,,Nasheed/Rap - Male,,
Competitor,ZYCBV-ULV9Q,Knowledge Test 1,,,,,**Soccer [DC]** - Male,
Competitor,SIG90-2YFD2,,**Culinary Arts [2 max]**,,,,,
Competitor,SIG90-19VBP,,,,Debate,Nasheed/Rap - Male,,**NBA 2K (DC) **
Competitor,SIG90-47E0A,,,,,Nasheed/Rap - Male,,**NBA 2K (DC) **
Competitor,SIG90-78VLR,Knowledge Test 1,,,,,,
Competitor,SIG90-JY81E,,,,MIST Quiz Bowl,,,
Competitor,KHPIY-0HI21,,,Extemporaneous Speaking,MIST Quiz Bowl,,**Soccer [DC]** - Male (waitlisted),**FIFA 2020 (PS4 + XBOX) - DC**
Competitor,SIG90-YEXR4,,,,MIST Quiz Bowl,Short Film,,
Competitor,SIG90-MI1MB,,Photography,,,Humanitarian Service,,
Competitor,SIG90-WXWSP,Knowledge Test 1,,,,,,
Competitor,SIG90-ILCMM,Knowledge Test 1,,,,,,
Competitor,SIG90-ZXYGA,,,Spoken Word,Improv - Female,,,
Competitor,CUMBQ-95EPX,,,,,,**Soccer [DC]** - Male (waitlisted),**FIFA 2020 (PS4 + XBOX) - DC** (waitlisted)
Competitor,HIEQ8-HODNU,,,,MIST Quiz Bowl,,**Soccer [DC]** - Male,**FIFA 2020 (PS4 + XBOX) - DC**
Competitor,SIG90-1HUQC,Quran Memorization - Level 1 - Female,,,,Short Film,,
Competitor,SIG90-OU31E,,Photography,Spoken Word,Improv - Female,Humanitarian Service,,
Competitor,SIG90-IH7TL,,,,MIST Quiz Bowl,Short Film,,
Competitor,SIG90-1O2SD,,,,Improv - Female,,,
Competitor,SIG90-FM7N3,,,,Improv - Female,,,
Competitor,1NO4P-DXE5K,Quran Memorization - Level 1 - Male,,,,,Basketball - Male,**FIFA 2020 (PS4 + XBOX) - DC**
Competitor,1NO4P-B0RQS,Quran Memorization - Level 2 - Female,,Short Fiction,MIST Quiz Bowl,,,
Competitor,R9926-49UB7,,,,Improv - Male,,**Soccer [DC]** - Male,**FIFA 2020 (PS4 + XBOX) - DC**
Competitor,1NO4P-QTIPD,,,,Improv - Female,Humanitarian Service,**Soccer [DC]** - Female,
Competitor,1NO4P-EMSRR,Quran Recitation - Male,,Extemporaneous Speaking,,Nasheed/Rap - Male,Basketball - Male,
Competitor,1NO4P-8XVEC,Quran Memorization - Level 3 - Male,2D Art,,MIST Quiz Bowl,Short Film,Basketball - Male,
Competitor,1NO4P-07VH0,Quran Memorization - Level 3 - Female,Fashion Design,Poetry,Math Olympics,Nasheed/Rap - Female,**Soccer [DC]** - Female,
Competitor,1NO4P-AO805,,3D Art,Spoken Word,Debate,Short Film,**Soccer [DC]** - Female,
Competitor,1NO4P-JNOO8,,Fashion Design,Poetry,,Social Media,,
Competitor,UVHWU-033OF,Knowledge Test 1,2D Art,,,,**Soccer [DC]** - Male,**Chess[DC]**
Competitor,JW7VO-FY6AO,Quran Recitation - Male,Photography,Poetry,Debate,Short Film,**Soccer [DC]** - Male,
Competitor,1NO4P-GPWGM,,**Culinary Arts [2 max]**,Original Oratory,MIST Quiz Bowl,Social Media,,
Competitor,1NO4P-O61KX,,2D Art,,,,**Soccer [DC]** - Female,
Competitor,1NO4P-KSN7K,Knowledge Test 2,,Original Oratory,,Short Film,,**Super Smash Bros - Singles (DC)**
Competitor,1NO4P-2J7SD,Knowledge Test 2,,,MIST Quiz Bowl,Short Film,,
Competitor,1NO4P-WXO2B,Knowledge Test 2,,,MIST Quiz Bowl,Short Film,,
Competitor,1NO4P-6IK97,Knowledge Test 1,,,,,,
Competitor,1NO4P-W1DF0,,3D Art,,,,,
Competitor,1NO4P-O90HN,Quran Memorization - Level 2 - Female,**Culinary Arts [2 max]**,,Debate,,,**Chess[DC]**
Competitor,1NO4P-I1HH0,Quran Recitation - Female,Fashion Design,,,Nasheed/Rap - Female,,
Competitor,1NO4P-SIBDS,,,Short Fiction,,,,
Competitor,1NO4P-FTARU,,,,,Humanitarian Service,,
Competitor,JW7VO-ZBT3B,Quran Memorization - Level 1 - Male,,,,Short Film,**Soccer [DC]** - Male,**Chess[DC]**
Competitor,1NO4P-WVBI2,,,,,Humanitarian Service,**Soccer [DC]** - Female,
Competitor,1NO4P-08ZUR,,,,,Business Venture,,**Chess[DC]**
Competitor,JW7VO-5LNPO,,,,MIST Quiz Bowl,Humanitarian Service,**Soccer [DC]** - Male,
Competitor,1NO4P-4CLSA,,,,,Humanitarian Service,,
Competitor,1NO4P-LA468,,,,Improv - Female,,,
Competitor,1NO4P-BAT2G,,,,Improv - Female,,,
Competitor,1NO4P-0LH2P,,,,Improv - Female,,,
Competitor,1NO4P-ZC2H4,,,,Improv - Female,,,
Competitor,UVHWU-NCMR1,,,,,Short Film,**Soccer [DC]** - Male,**FIFA 2020 (PS4 + XBOX) - DC**
Competitor,HIEQ8-WU2PO,,,,,Business Venture,**Soccer [DC]** - Male,
Competitor,1NO4P-QAIEY,Quran Recitation - Female,,,,Short Film,,
Competitor,HIEQ8-YIL4J,,,,Improv - Male,,**Soccer [DC]** - Male,
Competitor,1NO4P-L4Z1G,Quran Memorization - Level 1 - Female,2D Art,,,,,
Competitor,1NO4P-ZFHR8,,,Extemporaneous Essay,,,**Soccer [DC]** - Female,
Competitor,VJ2GK-953LE,Quran Memorization - Level 3 - Male,,,,,**Soccer [DC]** - Male,**Super Smash Bros - Singles (DC)**
Competitor,1NO4P-71SS2,,,,,Humanitarian Service,,
Competitor,1NO4P-2V7GR,,,,Improv - Female,,,
Competitor,1NO4P-K9ZMQ,,,Prepared Essay,MIST Quiz Bowl,,,**Super Smash Bros - Singles (DC)**
Competitor,1NO4P-ZKZ07,Quran Memorization - Level 3 - Male,,Spoken Word,,Science Fair,,
Competitor,1NO4P-UF279,Quran Memorization - Level 2 - Male,,,Math Olympics,Science Fair,,
Competitor,FNBJ2-7X8CR,,2D Art,Poetry,MIST Quiz Bowl,,,
Competitor,FNBJ2-KE03Z,Knowledge Test 4,,Extemporaneous Speaking,Improv - Male,,Basketball - Male,
Competitor,FNBJ2-PGW4Z,,,,,,,
Competitor,FNBJ2-04ZOX,Knowledge Test 4,,,Improv - Male,,,**Super Smash Bros - Singles (DC)**
Competitor,09OMA-PDLMY,,,,,,,
Competitor,09OMA-M3AA0,,,,,,,
Competitor,KHPIY-55JXM,,3D Art,,MIST Quiz Bowl,Humanitarian Service,,
Competitor,KHPIY-E2X4D,Knowledge Test 3,**Culinary Arts [2 max]**,,,Humanitarian Service,**Soccer [DC]** - Female,
Competitor,KHPIY-OG97I,,Photography,Poetry,MIST Quiz Bowl,,**Soccer [DC]** - Female,
Competitor,KHPIY-WETOK,,,,Improv - Male,,**Soccer [DC]** - Male (waitlisted),**Super Smash Bros - Singles (DC)**
Competitor,KHPIY-SME3G,,,,Math Olympics,,**Soccer [DC]** - Female,
Competitor,KHPIY-9IBEP,,,,,,,
Competitor,KHPIY-3QWAZ,Quran Recitation - Female,,Prepared Essay,MIST Quiz Bowl,Social Media,**Soccer [DC]** - Female,
Competitor,KHPIY-AUZPR,,,,,,,
Competitor,UVHWU-PNKLN,,3D Art,,Math Olympics,Business Venture,**Soccer [DC]** - Male,
Competitor,KHPIY-8ZDTN,,,,Improv - Female,Short Film,**Soccer [DC]** - Female,
Competitor,SIG90-BDHWC,,**Culinary Arts [2 max]**,,MIST Quiz Bowl,,**Soccer [DC]** - Male,**FIFA 2020 (PS4 + XBOX) - DC**
Competitor,KHPIY-3CSWF,,Photography,,,Short Film,**Soccer [DC]** - Female,
Competitor,KHPIY-HEW1J,,3D Art,Poetry,,,,
Competitor,KHPIY-ORF32,,,Short Fiction,,,**Soccer [DC]** - Female,
Competitor,KHPIY-1WKGP,,,,,,,
Competitor,VJ2GK-FT4SS,,,,,Nasheed/Rap - Male,**Soccer [DC]** - Male,
Competitor,KHPIY-9JZ90,Quran Recitation - Female,,Prepared Essay,,,,
Competitor,KHPIY-2DAK7,,,,,,,
Competitor,KHPIY-DI4Q6,,,,,,,
Competitor,KHPIY-6H5KW,,**Culinary Arts [2 max]**,,MIST Quiz Bowl,Short Film,,
Competitor,KHPIY-E28VJ,,,,Debate,,**Soccer [DC]** - Female,
Competitor,Y0J9Q-KOL9F,Quran Memorization - Level 3 - Male,,Prepared Essay,,,**Soccer [DC]** - Male,
Competitor,R9926-U1CWR,,2D Art,Short Fiction,,,,
Competitor,R9926-EUMHX,Quran Memorization - Level 2 - Male,,Extemporaneous Essay,Math Olympics,,,
Competitor,CUMBQ-LOM1Y,,,,Improv - Female,,Basketball - Female ,
Competitor,1NO4P-THB1K,,,,,Business Venture,**Soccer [DC]** - Male,
Competitor,V7K3K-2NDET,,,,,,**Soccer [DC]** - Male (waitlisted),
Competitor,VJ2GK-EG6JE,Quran Memorization - Level 2 - Male,,,,,**Soccer [DC]** - Male,**Chess[DC]**
Competitor,1NO4P-W7ET2,,,,,Business Venture,**Soccer [DC]** - Male,
Competitor,R9926-AIZKJ,,Photography,,,,,
Competitor,R9926-LQQ29,,,Prepared Essay,MIST Quiz Bowl,Short Film,,
Competitor,PA0EM-4WII2,Quran Recitation - Male,,,MIST Quiz Bowl,Short Film,**Soccer [DC]** - Male,**FIFA 2020 (PS4 + XBOX) - DC**
Competitor,R9926-H4WO3,Quran Memorization - Level 1 - Female,,,,,,
Competitor,R9926-0F7TH,Knowledge Test 3,**Scrapbook - DC**,Short Fiction,MIST Quiz Bowl,Short Film,,
Competitor,Y0J9Q-XC3DO,Knowledge Test 2,,,,Humanitarian Service,**Soccer [DC]** - Male,
Competitor,R9926-NBHU5,Knowledge Test 4,,,Debate,,,
Competitor,R9926-33L6W,Knowledge Test 3,Fashion Design,,Improv - Female,Nasheed/Rap - Female,,
Competitor,R9926-1T0ZT,,,,Improv - Female,,**Soccer [DC]** - Female,
Competitor,R9926-XX0KL,,,,Improv - Female,,,
Competitor,R9926-HK2TZ,Quran Recitation - Female,Photography,,MIST Quiz Bowl,Short Film,,
Competitor,R9926-KBZFN,,**Culinary Arts [2 max]**,Extemporaneous Speaking,,,,
Competitor,R9926-2GRUB,Quran Memorization - Level 2 - Male,,,Improv - Male,Short Film,Basketball - Male,
Competitor,R9926-EEL7M,,,,,Social Media,,
Competitor,R9926-M539A,,,,,Nasheed/Rap - Male,Basketball - Male,
Competitor,R9926-SO6RM,Knowledge Test 3,,,Improv - Female,,,
Competitor,R9926-SV9YT,Knowledge Test 2,,,,Nasheed/Rap - Male,Basketball - Male,
Competitor,R9926-GDIHF,,,,,Social Media,,
Competitor,R9926-7GXG1,Knowledge Test 2,,,,,,**Super Smash Bros - Singles (DC)**
Competitor,R9926-6AB5X,Knowledge Test 3,,,,,,
Competitor,R9926-EGB6W,Quran Memorization - Level 3 - Female,,,,,,
Competitor,R9926-SK8OV,Quran Memorization - Level 2 - Female,,,,Social Media,,
Competitor,R9926-PID19,,3D Art,,,,,
Competitor,R9926-2TQFQ,Knowledge Test 1,,Extemporaneous Essay,MIST Quiz Bowl,Short Film,,
Competitor,R9926-ENE0I,,,,,Social Media,Basketball - Male,**NBA 2K (DC) **
Competitor,UVHWU-BAUU4,Knowledge Test 1,2D Art,,,,**Soccer [DC]** - Male,**Chess[DC]**
Competitor,Y0J9Q-J6Q86,,,,Math Olympics,,Basketball - Female,
Competitor,R9926-LLFE5,Quran Memorization - Level 1 - Female,,,Improv - Female,,,
Competitor,Y0J9Q-92YYH,,,,,Humanitarian Service,**Soccer [DC]** - Male,**Super Smash Bros - Singles (DC)**
Competitor,R9926-WBT2F,,,Spoken Word,Improv - Female,Nasheed/Rap - Female,,
Competitor,R9926-AIJD2,,2D Art,,,,,
Competitor,R9926-B9NDW,Knowledge Test 4,,,,,,
Competitor,R9926-6U05D,,**Scrapbook - DC**,,,,,
Competitor,R9926-Z6JGV,Knowledge Test 2,,Prepared Essay,MIST Quiz Bowl,,,
Competitor,VJ2GK-94TCD,Quran Memorization - Level 3 - Male,,,Debate,,**Soccer [DC]** - Male,
Competitor,R9926-OBEX7,Quran Recitation - Male,,,Improv - Male,,**Soccer [DC]** - Male,
Competitor,R9926-XWGN9,Knowledge Test 4,,,,,,
Competitor,R9926-ZHRBR,Quran Memorization - Level 1 - Male,**Culinary Arts [2 max]**,,,,,
Competitor,R9926-HZWZ2,,,,Debate,,,
Competitor,R9926-9L7IS,Knowledge Test 2,Fashion Design,,,,,
Competitor,R9926-5COTD,,,,,,Basketball - Male (waitlisted),
Competitor,R9926-ZOHE0,Knowledge Test 4,,,,,,
Competitor,R9926-UPU04,,,Poetry,,,,**NBA 2K (DC) **
Competitor,A85Q9-GITA3,Knowledge Test 2,,,,,**Soccer [DC]** - Male,
Competitor,V7K3K-I0RGT,,,,MIST Quiz Bowl,,,
Competitor,V7K3K-1M6CN,,,Prepared Essay,MIST Quiz Bowl,Nasheed/Rap - Male,,
Competitor,WF6KD-UC6YP,Quran Recitation - Male,Photography,,,,**Soccer [DC]** - Male,**FIFA 2020 (PS4 + XBOX) - DC**
Competitor,V7K3K-06CSA,Quran Recitation - Male,,,MIST Quiz Bowl,,,**NBA 2K (DC) **
Competitor,V7K3K-4KEBQ,,,,MIST Quiz Bowl,,,
Competitor,V7K3K-9NXAA,,,,,,,
Competitor,V7K3K-KDTHG,,,,,,,
Competitor,V7K3K-21X3N,,,,,,,
Competitor,V7K3K-KPLJ5,,,,,,,
Competitor,SIG90-KQKTF,Quran Memorization - Level 1 - Male,,,MIST Quiz Bowl,,**Soccer [DC]** - Male,
Competitor,A85Q9-KXR81,,,,MIST Quiz Bowl,,**Soccer [DC]** - Male,
Competitor,V7K3K-UZ2JI,Quran Memorization - Level 1 - Female,,Poetry,Debate,,,
Competitor,51M64-X3LHK,,Photography,Spoken Word,,Short Film,,
Competitor,51M64-MHX70,Knowledge Test 2,,,,,Basketball - Male,**FIFA 2020 (PS4 + XBOX) - DC**
Competitor,51M64-MTQ7Q,Quran Recitation - Female,**Scrapbook - DC**,,,Short Film,,
Competitor,51M64-MZ1Z9,,,Poetry,,Social Media,,**Chess[DC]**
Competitor,51M64-E4J9G,Knowledge Test 2,,,,,Basketball - Male,
Competitor,51M64-1JA4Y,Knowledge Test 4,,,,Short Film,Basketball - Male,
Competitor,51M64-OFCKA,Knowledge Test 4,,,,,Basketball - Male,
Competitor,EXIMZ-O019Z,,Fashion Design,,,,Basketball - Female,
Competitor,616EC-EQCAG,Quran Memorization - Level 2 - Female,,,,,Basketball - Female,
Competitor,51M64-4VLQU,Quran Recitation - Male,,,,,Basketball - Male,
Competitor,CUMBQ-OLIIM,,Photography,,,,Basketball - Female,
Competitor,CUMBQ-L5TF3,,Photography,,,,Basketball - Female,
Competitor,51M64-Q4A1V,Quran Recitation - Male,,,,,Basketball - Male,
Competitor,HIEQ8-HWAAS,Quran Memorization - Level 1 - Female,**Scrapbook - DC**,,,,Basketball - Female,
Competitor,51M64-SXDZH,Knowledge Test 4,,,,Business Venture,,
Competitor,VJ2GK-JZ9T4,,Photography,,,Social Media,Basketball - Female,
Competitor,51M64-3V41Y,,Photography,,,Social Media,,
Competitor,51M64-ZYJNM,Quran Memorization - Level 1 - Female,,,,Social Media,,
Competitor,51M64-Q5SAO,Knowledge Test 3,,,,,,
Competitor,51M64-JXMND,,Digital Art,,,,Basketball - Male,
Competitor,51M64-EPS3V,Quran Recitation - Female,,,,Nasheed/Rap - Female,,
Competitor,51M64-AKKPF,,,Poetry,,,Basketball - Male,**Super Smash Bros - Singles (DC)**
Competitor,51M64-LX87X,,Photography,,,,,
Competitor,51M64-4D69L,,2D Art,,,,Basketball - Male,
Competitor,WF6KD-E1N4P,Knowledge Test 3,,,,,,
Competitor,WF6KD-K717A,,Photography,Extemporaneous Essay,Debate,,,
Competitor,WF6KD-UW1HD,,**Culinary Arts [2 max]**,,MIST Quiz Bowl,,,
Competitor,WF6KD-ATDEU,,3D Art,Short Fiction,,,,
Competitor,1NO4P-O0WSV,,2D Art,,,,**Soccer [DC]** - Male,
Competitor,WF6KD-AHQQC,Quran Recitation - Male,,,MIST Quiz Bowl,,,**Chess[DC]**
Competitor,WF6KD-PDED9,Knowledge Test 2,3D Art,,MIST Quiz Bowl,,,
Competitor,WF6KD-OT1FF,Knowledge Test 1,,,,Short Film,,**NBA 2K (DC) **
Competitor,WF6KD-NAKM8,,,,Improv - Female,Short Film,,
Competitor,WF6KD-64FAA,Quran Memorization - Level 3 - Male,3D Art,Extemporaneous Essay,,,,**Chess[DC]**
Competitor,WF6KD-AX4LD,Quran Memorization - Level 2 - Male,,,MIST Quiz Bowl,,,
Competitor,WF6KD-KZBX8,,,,Improv - Female,,,
Competitor,WF6KD-JCFKL,Quran Memorization - Level 1 - Female,**Culinary Arts [2 max]**,,,,,
Competitor,WF6KD-IP565,,Photography,,,Social Media,,
Competitor,WF6KD-32GBE,Knowledge Test 1,,Original Oratory,,Humanitarian Service,,
Competitor,NIBVA-FEXOU,,,,,,,
Competitor,NIBVA-YU5HF,,,,,,,
Competitor,XQ9TK-BECDL,,Photography,,,Social Media,,
Competitor,616EC-NJVDG,,Digital Art,,,Social Media,Basketball - Male,
Competitor,CUMBQ-EEOJZ,Knowledge Test 1,,,MIST Quiz Bowl,,**Soccer [DC]** - Male (waitlisted),**NBA 2K (DC) **
Competitor,HIEQ8-D4S36,,Photography,,Improv - Female,Business Venture,Basketball - Female,
Competitor,616EC-7ETYC,Quran Recitation - Female,**Culinary Arts [2 max]**,,MIST Quiz Bowl,,,
Competitor,616EC-XCOO8,,2D Art,,MIST Quiz Bowl,,,
Competitor,616EC-PMLTT,,,Short Fiction,,Short Film,,
Competitor,CUMBQ-PNKVO,,**Scrapbook - DC**,,,,Basketball - Female,
Competitor,616EC-9PD57,,,,Improv - Female,,,
Competitor,EXIMZ-9QX53,,,,Improv - Female,Short Film,Basketball - Female,
Competitor,616EC-BZFXY,Quran Memorization - Level 1 - Female,2D Art,,,,,
Competitor,EXIMZ-SBR86,,,Extemporaneous Essay,,,Basketball - Female,
Competitor,A85Q9-9BER6,,,Extemporaneous Essay,,,Basketball - Female,
Competitor,616EC-VCAXF,Knowledge Test 1,,,,,,
Competitor,YEL9T-0ZMSL,Knowledge Test 1,2D Art,,MIST Quiz Bowl,Short Film,Basketball - Female,
Competitor,616EC-8YMED,,Photography,,MIST Quiz Bowl,,Basketball - Male,
Competitor,616EC-MRFCA,Knowledge Test 2,Photography,Prepared Essay,MIST Quiz Bowl,,Basketball - Male,
Competitor,616EC-PM0N9,Quran Recitation - Female,2D Art,,,,,
Competitor,616EC-3EP4T,Knowledge Test 1,,,,,Basketball - Male,**NBA 2K (DC) **
Competitor,616EC-LPD12,Knowledge Test 1,Photography,,,,Basketball - Male,**NBA 2K (DC) **
Competitor,616EC-S4930,,,,Improv - Female,,,
Competitor,616EC-RV9IS,,2D Art,,,,,**Super Smash Bros - Singles (DC)**
Competitor,616EC-E26DA,,,,MIST Quiz Bowl,,,
Competitor,616EC-4LVMY,,,,,,,
Competitor,CUMBQ-T4I1B,,,,MIST Quiz Bowl,,Basketball - Female,
Competitor,616EC-H94L0,,,,,,,
Competitor,51M64-E8ZK5,,,,,Business Venture,Basketball - Female,
Competitor,616EC-H2NJ3,,,,,Short Film,Basketball - Male,**Super Smash Bros - Singles (DC)**
Competitor,CUMBQ-7FYXN,,3D Art,,,,Basketball - Female,
Competitor,616EC-RARWF,,,Extemporaneous Essay,Debate,,,
Competitor,616EC-LSJ10,Knowledge Test 1,**Culinary Arts [2 max]**,Poetry,,,Basketball - Male,
Competitor,616EC-JR7I8,,,,,Short Film,Basketball - Male,
Competitor,616EC-Q58H1,,,,Improv - Female,,,
Competitor,616EC-DRIWS,Knowledge Test 2,,,,,Basketball - Male,**FIFA 2020 (PS4 + XBOX) - DC**
Competitor,616EC-BYV7J,,,Short Fiction,,,,**FIFA 2020 (PS4 + XBOX) - DC**
Competitor,616EC-ERN18,Quran Memorization - Level 1 - Male,,,,,Basketball - Male,
Competitor,616EC-VPWYK,,,,,Short Film,Basketball - Female,
Competitor,Z8W5E-IZGPZ,,,,,,,
Competitor,R9926-JVEP3,Quran Memorization - Level 2 - Female,,Poetry,,Nasheed/Rap - Female,Basketball - Female,
Competitor,UVHWU-IG312,Knowledge Test 1,,,,,Basketball - Female,
Competitor,Z8W5E-SZ654,,,,,,,
Competitor,JUXBW-G0W55,Knowledge Test 1,,,,,Basketball - Male,
Competitor,JUXBW-6870P,Knowledge Test 1,,,,,Basketball - Male,
Competitor,YB4IC-C9CKG,,2D Art,Spoken Word,MIST Quiz Bowl,Social Media,,
Competitor,YB4IC-O41Y6,,**Scrapbook - DC**,,Math Olympics,,,
Competitor,YB4IC-MFQOS,,2D Art,,,,Basketball - Male,**NBA 2K (DC) **
Competitor,YB4IC-3ZVTL,,,,Improv - Male,,Basketball - Male,**Super Smash Bros - Singles (DC)**
Competitor,YB4IC-Q69ZU,,,,Improv - Male,,Basketball - Male,
Competitor,YB4IC-HQ5E6,,**Scrapbook - DC**,,,,,
Competitor,YB4IC-5M7Z9,,,,MIST Quiz Bowl,Social Media,,
Competitor,YB4IC-7N5K0,,Photography,,MIST Quiz Bowl,,,**Super Smash Bros - Singles (DC)**
Competitor,YB4IC-JTJ5S,,,,MIST Quiz Bowl,Social Media,,
Competitor,YB4IC-PK031,,,,Improv - Male,,Basketball - Male,**NBA 2K (DC) **
Competitor,YB4IC-4162K,,,,,Social Media,,
Competitor,YB4IC-EV562,,,,Improv - Male,,Basketball - Male,
Competitor,YB4IC-020XV,Quran Recitation - Male,,Spoken Word,MIST Quiz Bowl,,,**FIFA 2020 (PS4 + XBOX) - DC**
Competitor,YB4IC-UTUYB,Knowledge Test 1,,,MIST Quiz Bowl,,Basketball - Male,
Competitor,YB4IC-AQKV0,,,,,Social Media,Basketball - Male,
Competitor,YB4IC-87CRQ,,,,Improv - Male,,Basketball - Male,
Competitor,YB4IC-DIZ5H,,,,,Nasheed/Rap - Male,Basketball - Male,**FIFA 2020 (PS4 + XBOX) - DC**
Competitor,YB4IC-1H8RS,,,,Math Olympics,,,
Competitor,CUMBQ-D6UNF,Knowledge Test 1,,,,,Basketball - Male,
Competitor,A85Q9-68DJP,,**Culinary Arts [2 max]**,,,,Basketball - Female,
Competitor,Y0J9Q-F577G,,3D Art,,,Short Film,Basketball - Female,
Competitor,616EC-K4X68,,Photography,,MIST Quiz Bowl,,Basketball - Female,
Competitor,CUMBQ-AUKZJ,,,,,,,
Competitor,CUMBQ-Q6V0K,,Photography,,,,**Soccer [DC]** - Female,**Chess[DC]**
Competitor,CUMBQ-KGMEZ,,,,,Social Media,**Soccer [DC]** - Female,
Competitor,616EC-AZSWG,,,,Debate,,Basketball - Female,
Competitor,A85Q9-F1HTC,,,,,Short Film,Basketball - Female,
Competitor,616EC-8B15T,Quran Memorization - Level 1 - Female,,,,,Basketball - Female,
Competitor,HIEQ8-DNSYL,,,,,Nasheed/Rap - Female,Basketball - Female,
Competitor,616EC-J9437,,,,,Short Film,Basketball - Female,
Competitor,CUMBQ-JXU1A,,2D Art,,,,Basketball - Male,**NBA 2K (DC) **
Competitor,CUMBQ-EQ9GJ,,**Culinary Arts [2 max]**,,,,,
Competitor,CUMBQ-R8N3T,Quran Recitation - Male,,,,,Basketball - Male,
Competitor,CUMBQ-NDOFU,,2D Art,,,,Basketball - Male,
Competitor,VJ2GK-I28JG,Knowledge Test 1,**Scrapbook - DC**,,,,Basketball - Female,
Competitor,CUMBQ-AWZOV,Quran Memorization - Level 3 - Female,,,,,,
Competitor,CUMBQ-O3F9R,,**Scrapbook - DC**,,Improv - Female,,Basketball - Female,
Competitor,EXIMZ-NS67Z,,,,Improv - Male,,**Soccer [DC]** - Male,
Competitor,CUMBQ-BM69P,,,,,,Basketball - Male (waitlisted),**NBA 2K (DC) ** (waitlisted)
Competitor,KHPIY-U5MKI,,,Extemporaneous Speaking,Debate,Social Media,**Soccer [DC]** - Male (waitlisted),
Competitor,CUMBQ-746KI,,3D Art,,,,Basketball - Male,
Competitor,RNYXX-DFNW5,Knowledge Test 3,,,MIST Quiz Bowl,,,**Super Smash Bros - Singles (DC)**
Competitor,RNYXX-81LEX,,,,,,,
Competitor,RNYXX-8HJ89,Knowledge Test 2,,,MIST Quiz Bowl,,,**Super Smash Bros - Singles (DC)**
Competitor,RNYXX-C68M3,Knowledge Test 2,,,MIST Quiz Bowl,,,
Competitor,RNYXX-T7O21,,,Short Fiction,,,,
Competitor,RNYXX-Q96AC,Knowledge Test 4,2D Art,Extemporaneous Essay,,Humanitarian Service,,
Competitor,RNYXX-Z933V,Quran Recitation - Male,,,MIST Quiz Bowl,,Basketball - Male,**Chess[DC]**
Competitor,Y0J9Q-IRPWT,,,,Improv - Male,,**Soccer [DC]** - Male,**FIFA 2020 (PS4 + XBOX) - DC**
Competitor,PA0EM-RYL5I,Knowledge Test 1,Photography,Poetry,MIST Quiz Bowl,Social Media,**Soccer [DC]** - Female,
Competitor,PA0EM-VKGCB,,2D Art,,MIST Quiz Bowl,,,
Competitor,PA0EM-ZI18N,,,,MIST Quiz Bowl,,,
Competitor,PA0EM-27NLU,,2D Art,,Debate,Short Film,,
Competitor,KHPIY-Q6P5S,Quran Recitation - Male,,,MIST Quiz Bowl,,**Soccer [DC]** - Male (waitlisted),**FIFA 2020 (PS4 + XBOX) - DC**
Competitor,WICQP-T9UVN,,,Poetry,,,,
Competitor,QFMGE-PWWSO,Knowledge Test 1,,,,,Basketball - Male,**NBA 2K (DC) **
Competitor,QFMGE-ZCJ1O,Quran Memorization - Level 1 - Female,,Extemporaneous Essay,MIST Quiz Bowl,Social Media,,
Competitor,QFMGE-9POPO,,**Culinary Arts [2 max]**,,MIST Quiz Bowl,,,
Competitor,QFMGE-43RBZ,,,Short Fiction,,,Basketball - Male,**NBA 2K (DC) **
Competitor,QFMGE-KQRM7,Quran Memorization - Level 3 - Female,Photography,Short Fiction,MIST Quiz Bowl,Social Media,,
Competitor,QFMGE-Q0H26,,,,MIST Quiz Bowl,,,
Competitor,QFMGE-UG5NW,,,,Math Olympics,,Basketball - Male,
Competitor,QFMGE-Q3JO4,Quran Recitation - Male,,,Math Olympics,,Basketball - Male,**FIFA 2020 (PS4 + XBOX) - DC**
Competitor,QFMGE-SQWW2,,**Culinary Arts [2 max]**,,MIST Quiz Bowl,,,
Competitor,QFMGE-AZ3TO,,Digital Art,,,,Basketball - Male,
Competitor,QFMGE-7ME4W,Quran Memorization - Level 3 - Male,,,,,Basketball - Male,**FIFA 2020 (PS4 + XBOX) - DC**
Competitor,QFMGE-19GYD,Knowledge Test 1,,Extemporaneous Essay,MIST Quiz Bowl,,,
Competitor,QFMGE-HSNYR,Knowledge Test 1,,,,,Basketball - Male,**Chess[DC]**
Competitor,W1J0G-FQJUO,,,,MIST Quiz Bowl,Social Media,,
Competitor,W1J0G-I6CIM,,,,Improv - Female,Nasheed/Rap - Female,,
Competitor,W1J0G-9IXTP,,,,Improv - Female,Nasheed/Rap - Female,,
Competitor,W1J0G-38FT2,,,,MIST Quiz Bowl,Social Media,,
Competitor,W1J0G-DM0IC,,,,Improv - Female,Nasheed/Rap - Female,,
Competitor,W1J0G-1AMY4,,,,Improv - Male,Social Media,,
Competitor,W1J0G-826TB,Knowledge Test 1,**Culinary Arts [2 max]**,,Improv - Female,Social Media,,
Competitor,YFNXQ-MB499,,Fashion Design,,,,,
Competitor,YFNXQ-K45B2,Quran Memorization - Level 1 - Female,,,MIST Quiz Bowl,Short Film,,
Competitor,YFNXQ-NTK25,Quran Memorization - Level 2 - Female,**Scrapbook - DC**,,MIST Quiz Bowl,Short Film,,
Competitor,YFNXQ-QEBFH,,2D Art,,,Short Film,,
Competitor,YFNXQ-TGFUS,,2D Art,,MIST Quiz Bowl,,,**Chess[DC]**
Competitor,YFNXQ-EQ1ON,,**Scrapbook - DC**,,,Short Film,,
Competitor,YFNXQ-U9DJ6,Knowledge Test 3,,Extemporaneous Speaking,Math Olympics,Science Fair,,
Competitor,YFNXQ-E18F6,,,,MIST Quiz Bowl,Short Film,,
Competitor,YFNXQ-ZR7L4,,,,MIST Quiz Bowl,,,
Competitor,YFNXQ-8BR54,,,Extemporaneous Speaking,Improv - Female,,,
Competitor,YFNXQ-8J4PH,Knowledge Test 1,,,Improv - Female,,,
Competitor,YFNXQ-WYNV1,,,,MIST Quiz Bowl,Short Film,,
Competitor,YFNXQ-ABUIR,Knowledge Test 1,,,,,,
Competitor,YFNXQ-0BMKO,,**Culinary Arts [2 max]**,,,,,
Competitor,YFNXQ-9KG5Z,Knowledge Test 1,,,,,,
Competitor,CUMBQ-INJ1F,,,,Improv - Female,,Basketball - Female,
Competitor,YEL9T-3N5CW,,,,Improv - Female,Short Film,,**Super Smash Bros - Singles (DC)**
Competitor,YEL9T-WOOK9,,2D Art,Poetry,,Short Film,,
Competitor,Y0J9Q-3RTHX,Quran Memorization - Level 3 - Female,3D Art,,Improv - Female,Short Film,Basketball - Female,
Competitor,YEL9T-X2U89,Knowledge Test 3,2D Art,Original Oratory,MIST Quiz Bowl,Short Film,,
Competitor,ZYCBV-WTHRE,Quran Recitation - Male,,,MIST Quiz Bowl,,,**FIFA 2020 (PS4 + XBOX) - DC**
Competitor,ZYCBV-JIPS2,,,,,Business Venture,,
Competitor,ZYCBV-OW1KP,,,Prepared Essay,Math Olympics,Science Fair,,
Competitor,ZYCBV-J5SDA,,,,,Social Media,,
Competitor,V7K3K-91DTZ,,,,Debate,,**Soccer [DC]** - Male,**FIFA 2020 (PS4 + XBOX) - DC**
Competitor,ZYCBV-I8S5C,,Fashion Design,,,,,
Competitor,ZYCBV-VX1D5,,,,,,,
Competitor,ZYCBV-903GV,,,,MIST Quiz Bowl,,,